<?xml version="1.0" encoding="UTF-8"?>
<!DOCTYPE mapper PUBLIC "-//mybatis.org//DTD Mapper 3.0//EN" "http://mybatis.org/dtd/mybatis-3-mapper.dtd">
<mapper namespace="com.imooc.mall.model.dao.CartMapper">
  <resultMap id="BaseResultMap" type="com.imooc.mall.model.pojo.Cart">
    <id column="id" jdbcType="INTEGER" property="id" />
    <result column="product_id" jdbcType="INTEGER" property="productId" />
    <result column="user_id" jdbcType="INTEGER" property="userId" />
    <result column="quantity" jdbcType="INTEGER" property="quantity" />
    <result column="selected" jdbcType="INTEGER" property="selected" />
    <result column="create_time" jdbcType="TIMESTAMP" property="createTime" />
    <result column="update_time" jdbcType="TIMESTAMP" property="updateTime" />
  </resultMap>
  <sql id="Base_Column_List">
    id, product_id, user_id, quantity, selected, create_time, update_time
  </sql>
  <select id="selectByPrimaryKey" parameterType="java.lang.Integer" resultMap="BaseResultMap">
    select 
    <include refid="Base_Column_List" />
    from imooc_mall_cart
    where id = #{id,jdbcType=INTEGER}
  </select>
  <delete id="deleteByPrimaryKey" parameterType="java.lang.Integer">
    delete from imooc_mall_cart
    where id = #{id,jdbcType=INTEGER}
  </delete>
  <insert id="insert" parameterType="com.imooc.mall.model.pojo.Cart">
    insert into imooc_mall_cart (id, product_id, user_id, 
      quantity, selected, create_time, 
      update_time)
    values (#{id,jdbcType=INTEGER}, #{productId,jdbcType=INTEGER}, #{userId,jdbcType=INTEGER}, 
      #{quantity,jdbcType=INTEGER}, #{selected,jdbcType=INTEGER}, #{createTime,jdbcType=TIMESTAMP}, 
      #{updateTime,jdbcType=TIMESTAMP})
  </insert>
  <insert id="insertSelective" parameterType="com.imooc.mall.model.pojo.Cart">
    insert into imooc_mall_cart
    <trim prefix="(" suffix=")" suffixOverrides=",">
      <if test="id != null">
        id,
      </if>
      <if test="productId != null">
        product_id,
      </if>
      <if test="userId != null">
        user_id,
      </if>
      <if test="quantity != null">
        quantity,
      </if>
      <if test="selected != null">
        selected,
      </if>
      <if test="createTime != null">
        create_time,
      </if>
      <if test="updateTime != null">
        update_time,
      </if>
    </trim>
    <trim prefix="values (" suffix=")" suffixOverrides=",">
      <if test="id != null">
        #{id,jdbcType=INTEGER},
      </if>
      <if test="productId != null">
        #{productId,jdbcType=INTEGER},
      </if>
      <if test="userId != null">
        #{userId,jdbcType=INTEGER},
      </if>
      <if test="quantity != null">
        #{quantity,jdbcType=INTEGER},
      </if>
      <if test="selected != null">
        #{selected,jdbcType=INTEGER},
      </if>
      <if test="createTime != null">
        #{createTime,jdbcType=TIMESTAMP},
      </if>
      <if test="updateTime != null">
        #{updateTime,jdbcType=TIMESTAMP},
      </if>
    </trim>
  </insert>
  <update id="updateByPrimaryKeySelective" parameterType="com.imooc.mall.model.pojo.Cart">
    update imooc_mall_cart
    <set>
      <if test="productId != null">
        product_id = #{productId,jdbcType=INTEGER},
      </if>
      <if test="userId != null">
        user_id = #{userId,jdbcType=INTEGER},
      </if>
      <if test="quantity != null">
        quantity = #{quantity,jdbcType=INTEGER},
      </if>
      <if test="selected != null">
        selected = #{selected,jdbcType=INTEGER},
      </if>
      <if test="createTime != null">
        create_time = #{createTime,jdbcType=TIMESTAMP},
      </if>
      <if test="updateTime != null">
        update_time = #{updateTime,jdbcType=TIMESTAMP},
      </if>
    </set>
    where id = #{id,jdbcType=INTEGER}
  </update>
  <update id="updateByPrimaryKey" parameterType="com.imooc.mall.model.pojo.Cart">
    update imooc_mall_cart
    set product_id = #{productId,jdbcType=INTEGER},
      user_id = #{userId,jdbcType=INTEGER},
      quantity = #{quantity,jdbcType=INTEGER},
      selected = #{selected,jdbcType=INTEGER},
      create_time = #{createTime,jdbcType=TIMESTAMP},
      update_time = #{updateTime,jdbcType=TIMESTAMP}
    where id = #{id,jdbcType=INTEGER}
  </update>
</mapper>